model,micro_wer,macro_wer,micro_ser,macro_ser,substitutions,insertions,deletions
whisper-small-latin-added-tibetan-checkpoint-4000,0.6077231886828522,0.5871861341176221,0.5656479737529619,0.5656800229356719,7289,543,1478
whisper-small-tibetan-wylie-checkpoint-4000_to_tibetan,0.6753966736761613,0.7124242870608974,0.6165623670939911,0.6562800512792923,6741,1561,1846
